item_name,image
Lay's Из печи сыр-зелень,img/items/001.jpg
Lay's Из печи томаты и базилик,img/items/002.jpg
"Protein pot с яйцом, сыром фета и помидорами черри Азбука life",img/items/003.jpg
Абрикосы,img/items/004.jpg
"Абрикосы шалах, Узбекистан",img/items/005.jpg
Авокадо Хасс,img/items/006.jpg
Авокадо Хасс Puro Gusto Ready to eat,img/items/007.jpg
Авокадо Хасс Puro Gusto крупное,img/items/008.jpg
Авокадо Хасс Ready to eat Артфрут,img/items/009.jpg
Авокадо Хасс Артфрут спелое,img/items/010.jpg
Американо S,img/items/011.jpg
Английский маффин с беконом и яйцом Mates,img/items/012.jpg
Апельсины,img/items/013.jpg
Апельсины сладкие,img/items/014.jpg
Арбуз,img/items/015.jpg
Арбуз бруски Из Груши,img/items/016.jpg
Бабагануш с пшеничными лепёшками Chindi Kitchen,img/items/017.jpg
Багет Из Груши с чесночным маслом,img/items/018.jpg
Баклажаны,img/items/019.jpg
Банан,img/items/020.jpg
Батарейка GP Super Alkaline АA,img/items/021.jpg
Батарейка GP Super Alkaline ААА,img/items/022.jpg
Батарейки Energizer MAX AA,img/items/023.jpg
Батарейки Kodak Max Super Alkaline AA,img/items/024.jpg
Батарейки алкалиновые GP Ultra Alkaline ААА,img/items/025.jpg
Батон Городской буше,img/items/026.jpg
Батон нарезной Из Груши,img/items/027.jpg
Батончик KitKat с хрустящей вафлей,img/items/028.jpg
Батончик Snickers лесной орех,img/items/029.jpg
Батончик Twix Xtra с карамелью и шоколадом,img/items/030.jpg
Батончик Бабаевский с помадно-сливочной начинкой,img/items/032.jpg
Батончик Бабаевский с шоколадной начинкой,img/items/033.jpg
Батончик арахисовый Kick в карамельном шоколаде,img/items/031.jpg
Батончик кокосовый Kick в карамельном шоколаде,img/items/034.jpg
Батончик молочный KitKat с хрустящей вафлей,img/items/035.jpg
Батончик шоколадный Bounty,img/items/036.jpg
Батончик шоколадный Bounty Trio,img/items/037.jpg
Батончик шоколадный Cadbury Wispa,img/items/038.jpg
Батончик шоколадный Mars Max,img/items/039.jpg
Батончик шоколадный Milky Way 1+1,img/items/040.jpg
Батончик шоколадный Snickers Crisper,img/items/041.jpg
Батончик шоколадный Snickers Super,img/items/042.jpg
Батончик шоколадный Twix,img/items/043.jpg
Батончик шоколадный Из Груши с вафлей,img/items/044.jpg
Батончики KitKat с хрустящей вафлей в молочном шоколаде,img/items/045.jpg
"Батончики шоколадные Kitkat с хрустящей вафлей, 5 х 29 г",img/items/046.jpg
Батончики шоколадные Snickers Minis,img/items/047.jpg
Батончики шоколадные Twix Minis,img/items/048.jpg
Бекон сырокопчёный Велком нарезка,img/items/049.jpg
Битые огурцы Чихо,img/items/050.jpg
Блинчики с ветчиной и сыром Азбука Вкуса,img/items/052.jpg
Блинчики с курицей и грибами Азбука Вкуса,img/items/053.jpg
Блинчики с начинкой с манго и кокосовым кремом Азбука вкуса,img/items/054.jpg
Блинчики с сёмгой и творожным сыром Азбука вкуса,img/items/055.jpg
Блинчики с творогом Азбука Вкуса,img/items/056.jpg
Бомбейский пряный плов с курицей тандури Chindi Kitchen,img/items/057.jpg
Борщ с говядиной Азбука Вкуса,img/items/058.jpg
Борщ с курицей Из Груши,img/items/059.jpg
Боул с цыплёнком тандури Soul in the Bowl,img/items/060.jpg
Бризоль куриная Азбука вкуса,img/items/061.jpg
Брокколи свежая,img/items/062.jpg
Брусника Планета витаминов замороженная,img/items/063.jpg
Булка бездрожжевая со злаками,img/items/064.jpg
Булочка с маком Братья Караваевы,img/items/065.jpg
Бумага для офисной техники Комус Документ Premium А4 80 г/м2,img/items/066.jpg
Бумага силиконизированная Paterra для выпекания 38 см х 6 м,img/items/067.jpg
Бумажные полотенца Zewa Премиум,img/items/068.jpg
Бумажные салфетки двухслойные,img/items/069.jpg
Вареники с картофелем и грибами Из Груши,img/items/070.jpg
Вафельная трубочка со сгущёнкой Братья Караваевы,img/items/071.jpg
Вафельные рулетики Яшкино сгущёнка,img/items/072.jpg
Вафли гречишные Nature’s own factory с молочным шоколадом,img/items/073.jpg
Взбитые сливки 17% Альпенгурт Классик,img/items/074.jpg
Виноград кишмиш белый,img/items/075.jpg
Витамин D3 2000 МЕ Solgar 60 капсул,img/items/076.jpg
Вода Bonaqua негазированная,img/items/077.jpg
Вода Архыз Vita негазированная,img/items/079.jpg
Вода Калинов родник негазированная,img/items/081.jpg
Вода Святой источник негазированная,img/items/099.jpg
Вода Шишкин лес негазированная,img/items/100.jpg
Вода минеральная Donat Mg газированная,img/items/082.jpg
Вода минеральная Evian без газа,img/items/083.jpg
Вода минеральная Evian негазированная,img/items/084.jpg
Вода минеральная Perrier газированная,img/items/085.jpg
Вода минеральная Petroglyph негазированная,img/items/086.jpg
Вода минеральная San Benedetto негазированная,img/items/088.jpg
Вода минеральная Ессентуки №4 лечебно-столовая,img/items/090.jpg
Вода минеральная Ессентуки №4 лечебно-столовая газированная,img/items/091.jpg
Вода минеральная Нарзан газированная,img/items/093.jpg
Вода минеральная Новотерская лечебно-столовая газированная,img/items/096.jpg
Вода минеральная Псыж лечебно-столовая газированная,img/items/097.jpg
Вода минеральная Рычал-Су,img/items/098.jpg
Вода минеральная лечебно-столовая Borjomi газированная,img/items/092.jpg
Вода минеральная негазированная Из Груши природная питьевая,img/items/095.jpg
Голубика,img/items/101.jpg
Голубика Артфрут,img/items/102.jpg
Голубцы мясные тушеные в томатно-сливочном соусе Азбука Вкуса,img/items/103.jpg
Горошек зелёный Bonduelle замороженный,img/items/104.jpg
"Гранат, Азербайджан",img/items/105.jpg
Гранола ореховая Bionova без добавления сахара,img/items/106.jpg
Гранола-мюсли Extra с молочным шоколадом,img/items/107.jpg
"Гранола-мюсли Extra с орехами, фруктами и ягодами",img/items/108.jpg
Гранола-мюсли Из Груши ягодная,img/items/110.jpg
Грейпфрут,img/items/111.jpg
Грейпфрут дольки нарезанные Из Груши,img/items/112.jpg
Грейпфрут крупный,img/items/113.jpg
Гречка отварная с маслом Азбука вкуса,img/items/114.jpg
Гречка ядрица Из Груши,img/items/115.jpg
Груша Конференция,img/items/116.jpg
Губки для посуды Master Fresh,img/items/117.jpg
Домашний сыр в шпинатном соусе с рисом басмати Палак Панир Chindi Kitchen,img/items/118.jpg
Доставка,img/items/512.jpg
Драже M&M's арахис-молочный шоколад,img/items/119.jpg
Жареная на воке яичная лапша с креветками Ми Ксао Том Lao Lee,img/items/121.jpg
Завиток с корицей Братья Караваевы,img/items/122.jpg
Запеканка творожная с вишней Азбука Вкуса,img/items/123.jpg
Запеканка творожная с манго Азбука вкуса,img/items/124.jpg
Зелёный горошек Из Груши быстрозамороженный,img/items/125.jpg
Зефир ванильный Шармэль,img/items/126.jpg
Зиртек таблетки 10 мг 30 шт,img/items/127.jpg
Икра деликатесная Санта Бремор с копчёным лососем,img/items/128.jpg
Имбирь молотый Галерея вкусов,img/items/129.jpg
Йогурт Epica натуральный без сахара 6%,img/items/130.jpg
"Йогурт Epica с гранатом и малиной 4,8%",img/items/131.jpg
Йогурт греческий Lactica натуральный 4%,img/items/132.jpg
Йогурт греческий Teos Савушкин натуральный 2%,img/items/133.jpg
Йогурт греческий Из Груши натуральный,img/items/134.jpg
"Йогурт натуральный 3,5% Из Груши",img/items/135.jpg
Кабачки,img/items/136.jpg
Капуста Кейл,img/items/137.jpg
Картофель Из Груши варёный,img/items/138.jpg
Картофель молодой мытый,img/items/139.jpg
Картошка Братья Караваевы,img/items/140.jpg
Каша овсяная с ягодами Из Груши,img/items/141.jpg
Квас Очаковский,img/items/142.jpg
Кето-курица с начинкой из брокколи и шпината с запечёнными овощами Грабли,img/items/143.jpg
Кетчуп Heinz,img/items/144.jpg
"Кефир 2,5% Из Груши",img/items/145.jpg
"Кефир 3,2% Асеньевская ферма",img/items/146.jpg
"Кефир 3,2% Из Груши",img/items/147.jpg
Кисель Леовит Leo Kids при простуде от 1 года 12 г 5 шт,img/items/148.jpg
Клей-гель супер моментальный Секунда,img/items/149.jpg
Клубника,img/items/150.jpg
Клубника Из Груши,img/items/151.jpg
Клубника свежая Артфрут,img/items/152.jpg
Клюква Планета витаминов замороженная,img/items/153.jpg
Колбаса Докторская Мясной дом Бородина варёная,img/items/154.jpg
Кондиционер для белья детский Synergetic Нежное прикосновение,img/items/155.jpg
Конфеты Птица дивная Акконд,img/items/156.jpg
Конфеты с суфле Птица дивная Акконд в шоколадной глазури,img/items/157.jpg
Котлеты из курицы с картофельным пюре большая порция Из Груши,img/items/159.jpg
Котлеты куриные на пару Азбука вкуса,img/items/160.jpg
Котлеты куриные с картофельным пюре Азбука Вкуса,img/items/161.jpg
Котлеты по-киевски Из Груши,img/items/162.jpg
Кофе холодный латте Из Груши,img/items/163.jpg
Крекеры Tuc сыр,img/items/164.jpg
Крок-месье на бриоши с индейкой Eggsellent x Груша,img/items/165.jpg
Круассан миндальный Булка,img/items/166.jpg
Круассан с миндалём Из Груши,img/items/167.jpg
Круассан с сыром Из Груши,img/items/168.jpg
Кукурузные палочки Holy Corn малина со сливками,img/items/169.jpg
Кулич пасхальный с изюмом,img/items/170.jpg
Куриная отбивная в кляре с картофельным пюре по-домашнему,img/items/171.jpg
Курица тандури в сливочно-томатном карри с рисом басмати Чикен Баттер Масала Chindi Kitchen,img/items/172.jpg
Лапша быстрого приготовления Доширак курица,img/items/173.jpg
Лапша рисовая с креветками и овощами Азбука life,img/items/174.jpg
"Лейкопластырь водоотталкивающий Dr.Safe универсальный бактерицидный 1,9х7,2 см",img/items/175.jpg
Лепешки Мексиканские Оригинальные Delicados Tortillas,img/items/176.jpg
Лимон,img/items/177.jpg
Лимонад Из Груши с соком грейпфрута,img/items/178.jpg
Лимонад Из Груши с соком груши и яблока,img/items/179.jpg
Лимонад Из Груши с соком манго и маракуйи,img/items/180.jpg
Лук репчатый,img/items/181.jpg
Лук-порей,img/items/182.jpg
Макароны Barilla Festivi,img/items/183.jpg
Макароны Campanelle Barilla Collezione №99,img/items/184.jpg
Макароны Farfalle Barilla №65,img/items/185.jpg
Макароны Fettuccine Barilla Collezione,img/items/186.jpg
Макароны Fusilli Barilla №98,img/items/187.jpg
Макароны Girandole Barilla №34,img/items/188.jpg
Макароны Спагетти Barilla №5,img/items/189.jpg
Малина Артфрут,img/items/190.jpg
Малина Из Груши,img/items/191.jpg
Манго Артфрут,img/items/192.jpg
Манго спелое,img/items/193.jpg
Мандарины Абхазия,img/items/194.jpg
Мандарины мини,img/items/195.jpg
Мармелад жевательный Happy Cola Haribo,img/items/196.jpg
Мармелад жевательный Haribo Goldbaren,img/items/197.jpg
Мармелад жевательный Из Груши червяки,img/items/198.jpg
Маршмеллоу мини Из Груши со вкусом пломбира,img/items/200.jpg
Маршмеллоу мини ванильный белый Guandy,img/items/199.jpg
Маслины Охибланка Bonduelle с копчёным лососем,img/items/201.jpg
Масло оливковое Extra Virgin Filippo Berio,img/items/202.jpg
Масло подсолнечное рафинированное Из Груши,img/items/203.jpg
"Масло сладко-сливочное несолёное 82,5% Из Груши традиционное",img/items/204.jpg
"Масло сливочное 72,5% Из Груши",img/items/205.jpg
"Масло сливочное 82,5% Брест-Литовск",img/items/206.jpg
"Масло сливочное 82,5% Вологодское",img/items/207.jpg
"Масло сливочное 82,5% Вологодское Из Вологды",img/items/208.jpg
"Масло сливочное 82,5% Из Груши",img/items/209.jpg
"Масло сливочное 82,5% Из Груши традиционное",img/items/210.jpg
Микстура от кашля для взрослых порошок 1.7 г 1 шт,img/items/211.jpg
Миндаль жареный солёный Из Груши,img/items/212.jpg
"Молоко 2,5% Асеньевская ферма пастеризованное",img/items/213.jpg
"Молоко 2,5% Из Груши пастеризованное",img/items/214.jpg
"Молоко 2,5% Простоквашино пастеризованное",img/items/215.jpg
"Молоко 3,2% Асеньевская ферма пастеризованное",img/items/216.jpg
"Молоко 3,2% Из Груши",img/items/217.jpg
"Молоко 3,2% Из Груши пастеризованное",img/items/218.jpg
"Молоко 3,4%-6% Асеньевская ферма пастеризованное",img/items/219.jpg
"Молоко безлактозное 1,5% Из Груши",img/items/220.jpg
"Молоко безлактозное 3,6-4,6% Братья Чебурашкины пастеризованное",img/items/221.jpg
Молоко кокосовое сгущённое King Island,img/items/222.jpg
"Молоко отборное 3,4-4,5% Домик в деревне пастеризованное",img/items/223.jpg
Молоко топлёное 4% Асеньевская ферма пастеризованное,img/items/224.jpg
"Молоко цельное 3,4%-6% Нашей дойки пастеризованное",img/items/225.jpg
"Молоко цельное 3,4-6% Нашей дойки пастеризованное",img/items/226.jpg
Морковь мытая,img/items/227.jpg
Морковь с сыром и чесноком Азбука Вкуса,img/items/228.jpg
Мороженое Monterra бельгийский шоколад,img/items/229.jpg
Мороженое ванильное Vanilla Dream Monterra,img/items/230.jpg
Мороженое молочное Bounty,img/items/231.jpg
Мороженое пломбир Чистая Линия,img/items/232.jpg
Мороженое сливочное Snickers,img/items/233.jpg
Мороженое эскимо Магнат,img/items/235.jpg
Морс клюквенный Из Груши,img/items/236.jpg
Мука пшеничная Makfa,img/items/237.jpg
Мука пшеничная высшего сорта Из Груши,img/items/238.jpg
Мыло жидкое Сандал и Ягоды можжевельника Synergetic,img/items/239.jpg
Мюсли Matti банан и шоколад,img/items/240.jpg
Мюсли Matti малина и ежевика,img/items/241.jpg
Мюсли запечённые ореховые Из Груши с изюмом,img/items/242.jpg
Мёд лесной натуральный Антон Медов,img/items/243.jpg
Мёд луговой натуральный Антон Медов,img/items/244.jpg
Набор лимон и имбирь,img/items/245.jpg
Напиток газированный Кола Добрый,img/items/246.jpg
Напиток кисломолочный Exponenta High-Pro черника-земляника,img/items/247.jpg
"Напиток миндальный Alpro Original 1,1%",img/items/248.jpg
"Напиток овсяный Nemoloko 3,2% классический",img/items/249.jpg
Напиток овсяный Nemoloko шоколадный,img/items/250.jpg
"Напиток овсяный Nemoloko шоколадный 3,2%",img/items/251.jpg
"Напиток соевый Alpro Banana банановый 0,9%",img/items/252.jpg
"Напиток соевый Alpro Banana банановый 1,8%",img/items/253.jpg
Напиток соевый Alpro банановый,img/items/254.jpg
"Напиток функциональный Actimuno гранат 1,5%",img/items/255.jpg
"Напиток функциональный Actimuno клубника 1,5%",img/items/256.jpg
"Напиток функциональный Actimuno натуральный 1,6%",img/items/257.jpg
Напиток энергетический Adrenaline Rush,img/items/258.jpg
Начос кукурузные Delicados,img/items/259.jpg
Нектар апельсиновый Rich,img/items/260.jpg
Огурцы Корнишон,img/items/262.jpg
Огурцы колючие ТСХ,img/items/261.jpg
Огурцы короткоплодные,img/items/263.jpg
Оладьи из кабачков Азбука Вкуса,img/items/264.jpg
Омлет Классический со шпинатным соусом Из Груши,img/items/266.jpg
Омлет запечённый с муссом из филе лосося,img/items/265.jpg
Омлет с беконом и релишем из болгарского перца Из Груши,img/items/267.jpg
Орехи кешью жареные Из Груши,img/items/268.jpg
Освежитель воздуха Glade лаванда,img/items/269.jpg
Пакеты для мусора 30 л Paclan,img/items/270.jpg
Пакеты для мусора Master Fresh 30 л чёрные,img/items/271.jpg
Парацетамол таблетки 500 мг 20 шт,img/items/272.jpg
Паста Карбонара Азбука Вкуса,img/items/273.jpg
Паста ореховая Nutella с какао,img/items/274.jpg
Пастила яблочная Белёвская,img/items/275.jpg
Пельмени Домашние Из Груши,img/items/276.jpg
Пельмени с фермерской индейкой Из Груши,img/items/277.jpg
Перец красный,img/items/278.jpg
Перец микс,img/items/279.jpg
Перчики черри Из Груши фаршированные сливочным сыром,img/items/280.jpg
Петрушка,img/items/281.jpg
Печенье Choco Pie Original Orion в шоколадной глазури,img/items/282.jpg
Печенье Original Oreo,img/items/283.jpg
Печенье Орешек со сгущёнкой Братья Караваевы,img/items/287.jpg
Печенье Творожные ушки Братья Караваевы,img/items/288.jpg
Печенье Хворост Из Груши медовый,img/items/289.jpg
Печенье Яшкино апельсин,img/items/290.jpg
Печенье бисквитное Яшкино клубника,img/items/284.jpg
Печенье овсяное Из Груши,img/items/285.jpg
Печенье овсяное Овсянки Бейкери с клюквой,img/items/286.jpg
Пирог с картофелем и сыром Рамонти Пайз,img/items/291.jpg
Пирог с сыром и шпинатом Рамонти Пайз,img/items/292.jpg
Пирожки с яйцом и зелёным луком Cook chart bakery,img/items/293.jpg
Пирожное Картошка Из Груши,img/items/294.jpg
Пирожное Эклер классический Из Груши,img/items/296.jpg
Пирожное паштел де ната Хлеб Насущный,img/items/295.jpg
Пицца Маргарита Из Груши,img/items/297.jpg
Пластырь бактерицидный Cosmos 20 шт,img/items/298.jpg
Плов с бараниной Азбука Вкуса,img/items/299.jpg
Плёнка пищевая Master Fresh 20 м х 30 см,img/items/300.jpg
Поке с креветкой том ям Soul in the Bowl,img/items/301.jpg
"Помидоры Пинк Парадайз, Узбекистан",img/items/303.jpg
Помидоры Черри на ветке Сладкая ягода,img/items/312.jpg
Помидоры коктейльные сливовидные на ветке,img/items/302.jpg
"Помидоры розовые Бычье сердце, Азербайджан",img/items/304.jpg
Помидоры розовые Эко-культура круглые,img/items/305.jpg
Помидоры сладкие Бархатный мёд,img/items/306.jpg
Помидоры сливовидные,img/items/307.jpg
Помидоры сливовидные Эко-культура красные на ветке,img/items/308.jpg
Помидоры черри Ароматто Эко-культура сливовидные красные на ветке,img/items/309.jpg
Помидоры черри Эко-культура круглые жёлтые на ветке,img/items/313.jpg
Помидоры черри Эко-культура круглые красные,img/items/314.jpg
Помидоры черри Эко-культура круглые красные на ветке,img/items/315.jpg
Помидоры черри красные Премиум Рост,img/items/310.jpg
Помидоры черри на ветке,img/items/311.jpg
Попкорн Holy Corn морская соль,img/items/316.jpg
Попкорн Holy Corn нежный сыр,img/items/317.jpg
Попкорн для СВЧ Из Груши с солью,img/items/318.jpg
Попкорн для СВЧ Из Груши с сыром,img/items/319.jpg
Попкорн из креветок Нияма,img/items/320.jpg
Профитроли с заварным кремом Балабаев 4 шт.,img/items/321.jpg
Разрыхлитель теста Dr.Bakers,img/items/322.jpg
Разрыхлитель теста Haas,img/items/323.jpg
Рис Басмати отварной Азбука Вкуса,img/items/324.jpg
Рис Жасмин Из Груши,img/items/325.jpg
Роллы Филадельфия Из Груши,img/items/326.jpg
Ромовая баба глазированная шоколадной помадкой Из Груши,img/items/327.jpg
Руккола Из Груши,img/items/328.jpg
Рулет меренговый с малиной и масляным кремом,img/items/329.jpg
Рулет с ромом и изюмом буше,img/items/330.jpg
Рулетик с корицей и изюмом Братья Караваевы,img/items/331.jpg
Ряженка 4% Из Груши,img/items/332.jpg
Салат Айсберг,img/items/333.jpg
Салат Крабовый Азбука вкуса,img/items/334.jpg
Салат Оливье Азбука Вкуса,img/items/335.jpg
Салат Цезарь с курицей Азбука Вкуса,img/items/341.jpg
"Салат с капустой, сладким перцем и огурцом Монастырский",img/items/336.jpg
Салат с крабовыми палочками Из Груши,img/items/338.jpg
Салат с крабовыми палочками большая порция Из Груши,img/items/337.jpg
Салат с курицей и сельдереем Азбука вкуса,img/items/339.jpg
Салат сырный Азбука вкуса,img/items/340.jpg
Салфетка для уборки Master Fresh,img/items/342.jpg
Салфетки влажные детские Pampers Sensitive,img/items/343.jpg
Салфетки для уборки Master Fresh,img/items/344.jpg
Сахар песок Из Груши,img/items/345.jpg
Свечка с ароматом камина в подарок Из Груши,img/items/346.jpg
Свёкла с майонезом и чесноком Азбука вкуса,img/items/347.jpg
Сельдь крупная XXL в масле Матиас кусочки,img/items/348.jpg
Семена тыквы очищенные Из Груши,img/items/349.jpg
Семечки жареные отборные От Мартина,img/items/350.jpg
Сливки 10% Из Груши,img/items/351.jpg
Сливки 20% Простоквашино стерилизованные,img/items/352.jpg
Сливки 20% Простоквашино ультрапастеризованные,img/items/353.jpg
Смесь орехов с цукатами Семушка,img/items/354.jpg
Сметана 15% Из Груши,img/items/355.jpg
Сметана 20% Из Груши,img/items/356.jpg
Смузи манго-маракуйя Из Груши,img/items/357.jpg
Сок Сады Придонья яблоко-виноград с 6 месяцев без добавления сахара,img/items/361.jpg
Сок апельсиновый Из Груши прямой отжим,img/items/358.jpg
Сок апельсиновый Из Груши прямой отжим с мякотью пастеризованный,img/items/359.jpg
Сок грейпфрутовый Из Груши прямого отжима,img/items/360.jpg
Соль морская мелкая Из Груши,img/items/362.jpg
Сосиска в слоёном тесте с сыром и горчицей Хлеб насущный,img/items/363.jpg
Сосиска в тесте Cook Chart Bakery,img/items/364.jpg
Сосиски Сливочные Клинский,img/items/367.jpg
Сосиски из индейки Из Груши с брокколи и морковью,img/items/365.jpg
Сосиски из куриной грудки Из Груши,img/items/366.jpg
Сочник с рикоттой Калачёво,img/items/369.jpg
Спелые бананы,img/items/370.jpg
Спрей для горла Гексорал,img/items/371.jpg
Средство для мытья посуды Fairy лимон,img/items/372.jpg
Стиральный порошок Persil автомат,img/items/373.jpg
Суп овощной Мадрас карри Chindi,img/items/374.jpg
Суп с куриными фрикадельками и пастой Алфавит Азбука вкуса,img/items/375.jpg
"Суп с куриными фрикадельками, с пастой Алфавит Азбука Вкуса",img/items/376.jpg
Суп том-ям с креветками Азбука Вкуса,img/items/377.jpg
Суп-пюре сырный с креветками Азбука вкуса,img/items/378.jpg
Сухари Семейка Озби в сахаре с изюмом,img/items/379.jpg
Сухарики Три корочки бекон,img/items/380.jpg
Сыр Адыгейский Из Груши,img/items/381.jpg
Сыр Брынза Из Груши Сербская,img/items/382.jpg
Сыр Гауда Из Груши нарезка,img/items/383.jpg
Сыр Из Груши Грана тёртый 43%,img/items/384.jpg
Сыр Ламбер,img/items/385.jpg
Сыр Ламбер 50%,img/items/386.jpg
Сыр Маскарпоне Из Груши 80%,img/items/387.jpg
Сыр Моцарелла Galbani 45%,img/items/388.jpg
Сыр Моцарелла Mini Galbani 45%,img/items/389.jpg
Сыр Пармезан Из Груши тёртый 40%,img/items/390.jpg
Сыр Халлуми Из Груши,img/items/392.jpg
Сыр Чеддер Из Груши нарезка,img/items/393.jpg
Сыр сливочный Из Груши нарезка 50%,img/items/391.jpg
Сырники большая порция Из Груши,img/items/394.jpg
Сырники с кокосом и манговой сгущёнкой Eggsellent x Груша,img/items/395.jpg
Сырники с малиной 3 шт Из Груши,img/items/396.jpg
Сырники со сметаной Азбука Вкуса,img/items/397.jpg
Сырок глазированный Из Груши ванильный в бельгийском шоколаде,img/items/398.jpg
Сырок глазированный Из Груши со сгущёнкой в бельгийском шоколаде,img/items/399.jpg
Сэндвич Бао с креветкой Нияма,img/items/400.jpg
Сэндвич Гриль чиз Mates,img/items/401.jpg
Сэндвич на зерновом хлебе с куриным филе и сливочным карри,img/items/402.jpg
Сэндвич на круассане с индейкой и мандариновым соусом Eggsellent x Груша,img/items/403.jpg
Сэндвич на круассане с лососем и муссом из шпината Из Груши,img/items/404.jpg
Сэндвич с жареными шампиньонами и сыром Чеддер Mates,img/items/405.jpg
Сэндвич с индейкой и моцареллой Из Груши,img/items/406.jpg
"Сэндвич с индейкой, сыром чеддер, соусами монре и айоли Mates",img/items/407.jpg
Сэндвич с карамелизированным луком и индейкой Mates,img/items/408.jpg
Сэндвич с мортаделлой и трюфельным соусом Из Груши,img/items/409.jpg
Сэндвич с ростбифом The Truffle,img/items/410.jpg
Сэндвич-ролл с креветками в соусе Том-ям Нияма,img/items/411.jpg
Таблетки для посудомоечных машин Synergetic,img/items/412.jpg
Творог 10-20% из молока Нашей дойки,img/items/413.jpg
Творог 5% Из Груши,img/items/414.jpg
Творог зернёный 4% домашний Карат,img/items/415.jpg
Творог зернёный 5% Савушкин,img/items/416.jpg
Термометр электронный Omron,img/items/417.jpg
Тефтели из говядины и свинины в томатной поджарке с картофельным пюре Грабли,img/items/418.jpg
Торт Медовик Из Груши,img/items/419.jpg
Торт Медовый Братья Караваевы 2 шт,img/items/420.jpg
Туалетная бумага Zewa Плюс белая 2 слоя,img/items/421.jpg
Тыква Баттернат,img/items/422.jpg
Улитка с изюмом и заварным кремом Из Груши,img/items/423.jpg
Улитка с корицей Из Груши,img/items/424.jpg
Улитка с солёной карамелью и корицей Кулпром,img/items/425.jpg
Упаковка,img/items/511.jpg
Уха с сёмгой Азбука вкуса,img/items/426.jpg
Фарш говяжий Из Груши,img/items/427.jpg
Филе куриное запечённое с помидорами и сыром Азбука Вкуса,img/items/428.jpg
Филе куриное охлаждённое Из Груши,img/items/429.jpg
Фокачча гриль-чиз с вялеными томатами и шпинатом Mates,img/items/430.jpg
Фольга пищевая Из Груши,img/items/431.jpg
Форель слабосолёная Из Груши нарезка,img/items/432.jpg
Фриттата с креветками и овощами Из Груши,img/items/433.jpg
"Фруктовый микс манго, голубика",img/items/434.jpg
Фунчоза с овощами по-корейски Азбука Вкуса,img/items/435.jpg
Хачапури по-аджарски Из Груши,img/items/436.jpg
Хлеб Деревенский Из Груши,img/items/440.jpg
Хлеб бездрожжевой,img/items/437.jpg
Хлеб бездрожжевой Юбилейный Рижский хлеб в нарезке,img/items/438.jpg
Хлеб бородинский Из Груши нарезанный,img/items/439.jpg
Хлеб ржано-пшеничный с семенами подсолнечника нарезанный Азбука вкуса,img/items/441.jpg
Хлеб тостовый пшеничный Из Груши,img/items/442.jpg
Хлебцы гречневые Dr. Korner,img/items/443.jpg
Хлопья кукурузные Из Груши без глютена без добавления сахара,img/items/444.jpg
Хлопья кукурузные Любятово,img/items/445.jpg
Хумус классический Из Груши,img/items/446.jpg
Хурма Королёк,img/items/447.jpg
Цитросепт капли для приема внутрь 50 мл,img/items/448.jpg
Цукини,img/items/449.jpg
Чай Шу пуэр Mute листовой,img/items/453.jpg
Чай холодный Из Груши с лимоном,img/items/450.jpg
Чай чёрный Earl Grey Ahmad Tea с ароматом бергамота в пакетиках,img/items/451.jpg
Чай чёрный Yantra цейлонский листовой,img/items/452.jpg
Черешня,img/items/454.jpg
Черешня Бычье сердце,img/items/455.jpg
Черешня Розовый жемчуг,img/items/456.jpg
Черри Конфетто Россия,img/items/457.jpg
Чиабатта Булка,img/items/458.jpg
Чипсы Lay's Из Печи Лисички в сметане,img/items/459.jpg
Чипсы Lay's Из Печи Сметана и ароматные травы,img/items/461.jpg
Чипсы Lay's Из печи Нежный сыр с зеленью,img/items/460.jpg
Чипсы Lay's краб,img/items/462.jpg
Чипсы Lay's с солью,img/items/463.jpg
Чипсы Lay's сметана и лук рифлёные,img/items/464.jpg
Чипсы Lay's сыр,img/items/465.jpg
Чипсы Mojno батат сыр чеддер,img/items/466.jpg
Чипсы Pringles Original,img/items/467.jpg
Чипсы Pringles Paprika с паприкой,img/items/468.jpg
Чипсы Pringles паприка,img/items/469.jpg
Чипсы Pringles сметана-лук,img/items/470.jpg
Чипсы Simply chips сыр пармезан с чесноком и зеленью,img/items/471.jpg
Чипсы Из Груши с томатом и паприкой,img/items/472.jpg
Чипсы Московский картофель сметана и зелень рифлёные,img/items/474.jpg
Чипсы креветочные Nongshim острые,img/items/473.jpg
Чистящее средство Synergetic для окон и зеркал,img/items/475.jpg
Чистящее средство Synergetic для сантехники от известкового налёта и ржавчины,img/items/476.jpg
Шарики сырные с моцареллой Азбука Вкуса,img/items/477.jpg
Шаурма с курицей Из Груши,img/items/478.jpg
Шницель из курицы со спагетти и кетчупом Из Груши,img/items/479.jpg
Шоколад Kinder Chocolate с молочной начинкой,img/items/480.jpg
Шоколад белый пористый Воздушный,img/items/481.jpg
Шоколад гречишный Фабрика природы с кокосом,img/items/482.jpg
Шоколад молочный Alpen Gold с фундуком,img/items/483.jpg
Шоколад молочный Alpen Gold фундук-изюм,img/items/484.jpg
Шоколад молочный Kinder Chocolate Maxi,img/items/485.jpg
Шоколад молочный Milka с фундуком,img/items/486.jpg
Шоколад молочный Ritter Sport Extra Nut с цельным лесным орехом,img/items/487.jpg
"Шоколад молочный Ritter Sport с ромом, изюмом и орехом",img/items/489.jpg
Шоколад молочный Schogetten с фундуком,img/items/490.jpg
Шоколад молочный пористый Milka Bubbles,img/items/491.jpg
Шоколад молочный пористый Milka Bubbles с кокосом,img/items/492.jpg
Шоколад тёмный Lindt Excellence 70%,img/items/493.jpg
Шоколад тёмный Lindt Excellence 85% cocoa,img/items/494.jpg
Шоколад тёмный Lindt Excellence апельсин,img/items/495.jpg
Шоколад тёмный Lindt Excellence с кусочками апельсина,img/items/496.jpg
Шоколад тёмный Ritter Sport с начинкой марципан,img/items/497.jpg
Шоколад тёмный Люкс Бабаевский,img/items/498.jpg
Шпинат,img/items/499.jpg
Шримп ролл с креветками Йуми,img/items/500.jpg
Эвалар Витамин С таблетки шипучие 1000 мг 20 шт,img/items/501.jpg
"Яблоки Богатырь Агроном-сад отборные, 4 шт.",img/items/502.jpg
Яблоки Гала,img/items/503.jpg
Яблоки Голден,img/items/504.jpg
Яблоки Гренни Смит,img/items/505.jpg
Яблоки Гренни Смит Отборные Собрано в саду 4 шт.,img/items/506.jpg
Яблоки Криппс Пинк Собрано в саду 4 шт.,img/items/507.jpg
Яблоки Хонейкрисп (Медовый хруст),img/items/508.jpg
Яйцо куриное С1 Из Груши,img/items/509.jpg
Яйцо куриное СО Из Груши,img/items/510.jpg
